-- MySQL dump 10.13  Distrib 8.0.19, for Win64 (x86_64)
--
-- Host: db-reservations.cbpmeosohyop.us-east-1.rds.amazonaws.com    Database: db_reservations
-- ------------------------------------------------------
-- Server version	8.0.28

/*!40101 SET @OLD_CHARACTER_SET_CLIENT=@@CHARACTER_SET_CLIENT */;
/*!40101 SET @OLD_CHARACTER_SET_RESULTS=@@CHARACTER_SET_RESULTS */;
/*!40101 SET @OLD_COLLATION_CONNECTION=@@COLLATION_CONNECTION */;
/*!50503 SET NAMES utf8mb4 */;
/*!40103 SET @OLD_TIME_ZONE=@@TIME_ZONE */;
/*!40103 SET TIME_ZONE='+00:00' */;
/*!40014 SET @OLD_UNIQUE_CHECKS=@@UNIQUE_CHECKS, UNIQUE_CHECKS=0 */;
/*!40014 SET @OLD_FOREIGN_KEY_CHECKS=@@FOREIGN_KEY_CHECKS, FOREIGN_KEY_CHECKS=0 */;
/*!40101 SET @OLD_SQL_MODE=@@SQL_MODE, SQL_MODE='NO_AUTO_VALUE_ON_ZERO' */;
/*!40111 SET @OLD_SQL_NOTES=@@SQL_NOTES, SQL_NOTES=0 */;
SET @MYSQLDUMP_TEMP_LOG_BIN = @@SESSION.SQL_LOG_BIN;
SET @@SESSION.SQL_LOG_BIN= 0;

--
-- GTID state at the beginning of the backup 
--

SET @@GLOBAL.GTID_PURGED=/*!80000 '+'*/ '';

--
-- Table structure for table `catalog_media`
--

DROP TABLE IF EXISTS `catalog_media`;
/*!40101 SET @saved_cs_client     = @@character_set_client */;
/*!50503 SET character_set_client = utf8mb4 */;
CREATE TABLE `catalog_media` (
  `id` varchar(100) CHARACTER SET utf8mb4 COLLATE utf8mb4_0900_ai_ci NOT NULL,
  `num_order` int NOT NULL,
  `media_type` varchar(100) DEFAULT NULL,
  `url_media` varchar(255) NOT NULL,
  PRIMARY KEY (`id`,`num_order`),
  CONSTRAINT `catalog_media_FK` FOREIGN KEY (`id`) REFERENCES `catalogs` (`id`)
) ENGINE=InnoDB DEFAULT CHARSET=utf8mb4 COLLATE=utf8mb4_0900_ai_ci;
/*!40101 SET character_set_client = @saved_cs_client */;

--
-- Dumping data for table `catalog_media`
--

LOCK TABLES `catalog_media` WRITE;
/*!40000 ALTER TABLE `catalog_media` DISABLE KEYS */;
INSERT INTO `catalog_media` VALUES ('catalog_basic_suite',1,'image/jpeg','http://localhost:5000/public/catalog_media/catalog_basic_suite-1_1667446814320.jpg'),('catalog_basic_suite',2,'image/jpeg','http://localhost:5000/public/catalog_media/catalog_basic_suite-2_1667446854054.jpg'),('catalog_beach',1,'image/jpeg','http://localhost:5000/public/catalog_media/catalog_beach-1_1667446705313.jpg'),('catalog_beach',2,'image/jpeg','http://localhost:5000/public/catalog_media/catalog_beach-2_1667446712694.jpg'),('catalog_medium_suite',1,'image/jpeg','http://localhost:5000/public/catalog_media/catalog_medium_suite-1_1667447067904.jpg'),('catalog_medium_suite',2,'image/jpeg','http://localhost:5000/public/catalog_media/catalog_medium_suite-2_1667447078296.jpg'),('catalog_medium_suite',3,'image/jpeg','http://localhost:5000/public/catalog_media/catalog_medium_suite-3_1667451690424.jpg'),('catalog_medium_suite',4,'image/jpeg','http://localhost:5000/public/catalog_media/catalog_medium_suite-4_1667452177637.jpg'),('new_category_catalog',1,'image/jpeg','http://localhost:5000/public/catalog_media/new_category_catalog-1_1669681165178.jpg'),('new_category_catalog',2,'image/jpeg','http://localhost:5000/public/catalog_media/new_category_catalog-2_1669681182618.jpg'),('new_category_catalog',3,'image/jpeg','http://localhost:5000/public/catalog_media/new_category_catalog-3_1669681889401.jpg');
/*!40000 ALTER TABLE `catalog_media` ENABLE KEYS */;
UNLOCK TABLES;

--
-- Table structure for table `catalogs`
--

DROP TABLE IF EXISTS `catalogs`;
/*!40101 SET @saved_cs_client     = @@character_set_client */;
/*!50503 SET character_set_client = utf8mb4 */;
CREATE TABLE `catalogs` (
  `id` varchar(100) NOT NULL,
  PRIMARY KEY (`id`)
) ENGINE=InnoDB DEFAULT CHARSET=utf8mb4 COLLATE=utf8mb4_0900_ai_ci;
/*!40101 SET character_set_client = @saved_cs_client */;

--
-- Dumping data for table `catalogs`
--

LOCK TABLES `catalogs` WRITE;
/*!40000 ALTER TABLE `catalogs` DISABLE KEYS */;
INSERT INTO `catalogs` VALUES ('catalog_basic_suite'),('catalog_beach'),('catalog_medium_suite'),('catalog_mediun_suite'),('new_category_catalog'),('this_is_a_new_category'),('this_is_a_new_categorys');
/*!40000 ALTER TABLE `catalogs` ENABLE KEYS */;
UNLOCK TABLES;

--
-- Table structure for table `multimedia`
--

DROP TABLE IF EXISTS `multimedia`;
/*!40101 SET @saved_cs_client     = @@character_set_client */;
/*!50503 SET character_set_client = utf8mb4 */;
CREATE TABLE `multimedia` (
  `id` varchar(100) CHARACTER SET utf8mb4 COLLATE utf8mb4_0900_ai_ci NOT NULL COMMENT 'This is a id of multimedia content, this could repeat',
  `type` varchar(20) NOT NULL COMMENT 'This is a type of multimedia contente, like a photo, video, or others.',
  `url` varchar(500) DEFAULT NULL COMMENT 'If the content multimedia is upload in other site.',
  `file` blob COMMENT 'This is a file'
) ENGINE=InnoDB DEFAULT CHARSET=utf8mb4 COLLATE=utf8mb4_0900_ai_ci;
/*!40101 SET character_set_client = @saved_cs_client */;

--
-- Dumping data for table `multimedia`
--

LOCK TABLES `multimedia` WRITE;
/*!40000 ALTER TABLE `multimedia` DISABLE KEYS */;
INSERT INTO `multimedia` VALUES ('QUSUueWGFCS6mieXeqX0IAdV1Ov1','image/jpeg',NULL,_binary 'data:image/jpeg;base64,/9j/4AAQSkZJRgABAQAAAQABAAD/2wBDAAYEBQYFBAYGBQYHBwYIChAKCgkJChQODwwQFxQYGBcUFhYaHSUfGhsjHBYWICwgIyYnKSopGR8tMC0oMCUoKSj/2wBDAQcHBwoIChMKChMoGhYaKCgoKCgoKCgoKCgoKCgoKCgoKCgoKCgoKCgoKCgoKCgoKCgoKCgoKCgoKCgoKCgoKCj/wgARCAHgAeADASIAAhEBAxEB/8QAGgABAAMBAQEAAAAAAAAAAAAAAAECAwQFBv/EABUBAQEAAAAAAAAAAAAAAAAAAAAB/9oADAMBAAIQAxAAAAL1BJIAAAAAIAAABIIAAAAAAAAAAAAAAAAAABIUAAAACAASipeMqHQ5hsxGzEashsyGrOTRQXVFlZLKiyouoLoEgAAAAAkICgAAAQAjM0pjma0rYrN7Gc6SZrwQBIEiATNRdUXVsSgSBFqkogvOUmk0sSAAACQgKAAAIFY5S+OdTWcC9l+bc0tSySCK2qVBIJJIhmXUF5rJa1LEoFprJNZqGcGiotbIdFufUuAACQgKAIJjLzD1s/nuc9/n8Qe08a56WOZd+7y+09C+GhpFSTWKl1LFprJYFcdciLUsWtWxa1bABFS+eeBfHLiO/Dzqndnyjq14B7fofKXPsLeF7RcAJIUCOXo+dMOWJIAAAtUbdXBoe30eb2L0qSiqC01kvakmk1krlrkRatybLESkRNCMdOUpx68RXEISISIdGRQE+z42x9dOOpYICiCvzPv/ADBiAAADatAvG5v1cex22x0Lgm0WJtFhatimemY0jQTMlVhWulDLHoocXJ6+J4effwlAAdmGYgAHu+v8x9EdAQFjOPOHg+pwGCYAACbFba6lNVhdc11y1L2rYtetiZCSCEyTZJIESIiRWmkGca1OPz/YwPEx97lPJdlTlneDGNxjfo6S3q8+x2hAXDx/d8w86uWxyU7uYyayZX0uU0mQkL1uTeuhbWuotImYFlYNGUmts7GjOTRnYuiQCAREwVy2oY1vBRcZ13gwajO82Jz05j2AkhWG8HzFfe8srz9WJhNhWySZBKxOk6lNLSTag0nIasxeKi01sazEgC0SXmskgARMFa2qUrrUzmRFb1KCJms1OO3SbhAWQOfooeLz9vCCQtJRcV1ak3SQUJrTM1c46b8uh0Tz2Oi3PY63MOlyjqcw67cuxtMSEiItBSLQQCFhnTbMyiYgSX7ctqkICgIkcXl/Qch4lrUNZiC012GkVNGEGuOPMb5YUOhzjotzDqco63IOtyDrjlHVPIPV6vC3PoNfE7zunCxqrJFbVKgmai2d4Ma65kdVOokAICgAIkcPm+9wnmZ3k03pUtjlka89MyahAAJAAAAAABO/OPc7fnPVPS05OktW0GaakRNSVJLTXoNLAEBYCwkQkQkMtcjx40yJ5p5RmqTAQAAACQAAAAAANcpPR9X571D1mOpWJgrS+YmtzTppoABAWAoBAkgcPX5ZjkyM8NMisTAAAAAAAAAAAAAmBbt4uw9Tr4+stARTSplvHUJAIACyApIhIqkY+V6nlLzZaZJlS9CsAAAAAAAAAAAAABbu4+09Do59jSaWLQG2kWAgAALAUBAIDHyvZ808zLXIyrapUAAAAAAAAAAAAC0amvTz7nbtz7GlqyWmtjotWxJBKvIdtPKyPdCAoEAkEcvXmfP8/oeeY0vQqAAAAAAAAAAABMSW1y1Nd8dzp2wub2zsXvnob2xg2z5eU15bUJUk+hCAoAAEJHneP9J5R49OvnM4mAAAAAAAAAAACSS2uVzo25NDsty2Ou/P0mt5wHPkNJyFsrZCK1PqggKAAAApcYcXqYnz2Hp8hz16YOSvbQ5G1Ci1SAAAAAE2KNrnPfs6Tzd/W2PI29OTz9uoZ3tJHn+j5JkgTCCaoIpap9WEBQAAAAGO2Z4/H6HnFYUL2pcvalxXaxzOzU86PSg82PRqcE90nFbuscG3Voc+29jLSZEpISISISK+N7HigCtqlK2zFawfZBAUAAAABW1TzvJ9byTOJF7LFbJNNKaFtKaEpGdNqmc3EWWJvXQm1bEgmYkAARNSnkep5QQESIrpY48+7A+rCAoAAAACtqHneV6XllZixe9bCYk11z0LaU0JBCRWLQRetidKXJmJLIkmYEgAiJg5fM7/ADiwEwLWpYsXPeCAoAAAADG/CcnB0c5WyxaYkm1bGumehe+ehIAAFq2JtWxaYkkEglEgEJg8zj6+MkCYktaly16SfQBAUAAAZF8+fnNuK2BlWwraQBM1k11w1NbZXL2pYkAC1bE2rJeYkTEkgiYkAA8vj6+IsiC00GtsrGls7H0YQFAAHOTyV5y1IqMrwVtNijSDNMEJE6UuXtnc0mli85yXRJM1ksC1qyTMCQSAgTMDzvM6eQuqLKyXvnY0Vk+nCAoCtOQ15c6rGc1REwRaLiySFhlXSpRYJgXvnYvaslprJa1bCYksC0xJIJAABPJ1+WY6T6x8vPp+YTKSbVsWB9QEFVnCOQnC2ZFVVBBYi8XEyITJSukGUXgqkLVsWBNq2LzSxYFpiS0xIBIJABMrkTIr4vt5nzk6ZkgtNZPqUQOdxLNIJFLVWIkRMykTNiJkJiRMyRFxlXapjGtSkzJCRNq2Fq2JmBaayXtSSyJJQLAmYktatiQAcvh/TeSeeqLTQfU5U5ymSFmEIAAtWxaYkTEiYsTMWFokhIpXSDKLVISImLEzEkgmYkmYgtMCwJtWS8xJaYkkACth81l7XiBA/9oADAMBAAIAAwAAACH8MMMMMP8A/wD/AMP/AP8A/wD/AP8A/wD/AP8A/wD/AP8A/wD/AP8Awgggggvvhkjtrvjmhgkgtjtvvvvvvgwggggvul97y0T5wfhkkggltgotvvvgwggghou3jjww/wBVk9+8o6oI6L4L774MIIZb76M7q7sdsVduvMIrL7Zp4KbL78IK6r7764fbtcMdcM8sMcdNvLLr7JYMIZ777765rsfXMO++tfMe9O/74L75oMLbLb77pK5cOufMfPsNP8UfsPe9+csMIZqYb44I5uvfPcsdPssMP0vtdOvPn8Jbb6q6aY5N+MP/APDPjX3/ACxd6U/Qa/8A4IZLY46Mues+NcN89fvf3PEPOEccUMIJIorOLfve8PP8291PtfOenOdMWUEMIIJKrK5tvL74IIIIIJJIOcOfMucMMMLLLILb7MP7774IIIIIILqNOs88sEMMII4ZJ6b77777777777766aNuPsMMMP7LL74MJ777777777777767P8fMMMMMIJr5Ovr7777777777777oo8VX8U0EMIL4IKML777777777776r449dc+dNkMIIILJNN777777777775IY7c+/u+8UMIIIIJMfNc44b7777777brpv+eNdN0MIIIIIJe+dYY7I5paK6KrLLPMN9eckMIIIIIIbc5K7Ry5KJZr4IIIIa89I7oMIIIIIIa+KJabL7KaaL4IYIKpf67aIMIIIIIIo+L4JbrL7674JYIoKK/LIoYMIIIILZ48756Jqr7764IILoIK+a4aoMIIIa6ZILK4LIpo755aa4IJabsJ65oMIIYrtPa6LoJ4aI76pYIIIIJYvf75YMZbeKcp6LI4o4pLJpb4LIIIbYO9v6Ir5vIaN+u/dcfspKqqL65rZI4oL5966vbeEP8ABB7DrvLOC6WC+u2WuWCCCvf+/9oADAMBAAIAAwAAABD8MMMMMP8A/wD/AMP/AP8A/wD/AL//AP8A/wD/AP8A/wD/AP8A/wDAAAAAA88EKuyG2S228oAYc8888888DAAAAA4lpI0QWcgz9hNdN91Npx9999DAAAAEE1hw48J8Xekk199FZdJZt199DAAEI84U8Z14Qsm9cswB119pVhNl91/AAkg88890hIY00F14lxQhAcxx99BFDAAM8888M9IwSspQl48BEdIM99F99lDAMM0880odkUEI0E0EBRIvtUQwwUAsDAYUUYcc8JgQEUgYoZsBB8Os8M0IYy/AAs0kgEctook0YcpBtww8s+ImE+ss/wDABDEDNPNOLIKHFDDUMEdob/RZkfuAwAEINPIQPJJDDEPkEjHPJPK+EMHFKAwAAEDNQWCAfPAPPPPPLPWJDDKWDNPgwPPMEPZYAPPPPAAMMMMMNdOBWKAAvv8AzzzRQ2lX3zzzzzzzzzzyzkCXyCz74PzDDyTkF33zzzzzzzzzzzyWhi3T774MDzxyji333zzzzzzzzzzyAWS5rzTTQMADwAWwH33zzzzzzzzzzwiGyBCjTAAMAAACEyzX3zzzzzzzzzwSzWhBRTyRgMADzw0zDTSk0DzzzTzDizjlDDkywhwPzzzz33ihTG12HUEFGlX2nHBBjyhS4Pzzzz33mjU02PUG0GnGlWkH1VjEm00Pzzzz323TnG0EGmF02nFm0EFWTGF2n/zzzz33GDl0Gl3331mn30HX2Eg012H/AM8881xZEFdpdd19999p9Bp99s9VN5/888kFxhllp95RNFxNVBt9Bp5UFJ15/wDOJSNJDRfbeRbcTQfVffQffUQNASfQxJVfQGcQXacffdfRcfVcdQeWSXLFcRio0WNGMOMPDPPcQVYfZfSVdfffaLYZz1wwPKqhCANIKffVTQdZVQTffffHPf/EABwRAQACAgMBAAAAAAAAAAAAAAFAUBAgAGBwEf/aAAgBAgEBPwDtZ1UoCtJBqSzjkkGx4kY+Xx7YVZNI/wD/xAAdEQEAAgICAwAAAAAAAAAAAAABAEARIBBgMFCA/9oACAEDAQE/AOhkCY4xaDU4NCmTO5XIdkLZwVC4a58h2YLx8VEC4QLZA93/AP/EAC0QAAIBAgUEAQQCAgMAAAAAAAABAgMRBBASIDATITFABRQyQVEiIzNQYXCB/9oACAEBAAE/Av8Ao65c1Go1Go1Go1Go1Go1Fy5cuXLl/wDTXJTOoazWai5cvsvzX9+5KY6hrZcsW9q5f2bkpkpjlcSFEUDSaTSW9i5cT9dyJ1BzNQiIua/Iy+1MT9ScrE5jeWoVRIhUuQeSzY97L8jG7Gs1o1I1o6iFViRkn6LmkTqpIqV0dZHVia0TkORTq2ZSqCYsrjfBPahbblycicx1LEsQkvJLGksbL8H1c/2fVzKWPnHyU/lF+ShioT8MjK/JVrKC7sxHyaX2lT5Cb8E8TUl+TqS/Zrl+zqS/ZGvJMjiE13HJMiUWQkXLlxsuX3T2IQtlzUTqE6xUqlasObe+nVlTfZmBx/dKZTmpLixWIVOJisXKo2vxw3I1ChVKUxPesllPikycipMq1CdRsvwp2PiMVf8AhIXBU7RPlajcrclKVmUJlORqL7VsnkhC2smVSoyqPdTwtSpG8SpB05WktmEn06yZh6nUgnwVftPk/wDM+GhS6jtexUholbKBR7EJCe5CznkhC3TJxJ0yrSJw3YXGOj2tcrVHUnd7fisT2s2J334upogYmeqo+K5GNyERFNkWLNC2yySEt7LDiVaXYrUicbPj+P8A8pCXbdKdjHTvFlT7uKMSERLKKIEc0LaxCXAyxYcSrSuVqBKgxxa32IwuzBUtPcj421Z2K1Uqu6KsN9hRIUxREhCIoiRyQt64rFhk12HElSTRVwo8MPDnQZ0GdBnQZGgyhQ7kI2E9teN0Yi6Yp9+5ONyce5YsWFAVMjTFEtmhCIoiiwhZ3Ll9l+Noaz0o0I6S/R0kdJHSQqaIrKtPTtkrmOpjfcpu5Up3HA0mkQhbEIRFEURW25cuJiyuXLifFLiWWKe6vDVFmLpaJsw/kfgkuGKFEjEURCLly5fYhbULne6tTc3vxWFVREsN0ZZTRpNJYS2JEYkVncuajUajUXzQtq4HssWLZPailD88FemmiutDHnYsWLEURiRWxscjUahPJZxFlcuXLiYtz22LDQ9tL7iPjgkY5bEjSWLEURQsmMciUjUaiNQ6h1BVDqEaqOsjqnWR1kdY6wqhCW572PZFXKVO3FiqGoq0nDKItkULOUiUydQlM1ms1nUOqdU6p1TrHWf7Os/2dZ/s6z/ZGs7+SnWKdUhUQnfc90hrKxRp8bMTQuitT0yI+cr5QWTY5DqE6xKsSmXLl87ly5cuXzuXIzaIYgpYko1rimKQnm98sqELi5cXh790Sp6ZDLlKP7ylIlMnUJ1Bv1E7FGvKP5MNiNXkixPN7bl8oRuyMdK5mrmLplTyUo375Tl2JzJVCUxv16FRxZQxHbuU6ikRfbJj3IpR7ehWjdFanaZHsORVmSmN+1Co0Yet3KNQTyeTHnSjdi9Cq+xVleRcqyJSH7lKVmYer2KcuxceTHlDyQXoSMTMbJsqMfuryUGyjLsLNkllSgL0Kj7GJmORJk2P3Y+SgUPAn2204XYl6NbwYgZIkP3Y+SgUfCFtpKy9Kv4K5IkSH7sIlFFPwLbHx6VbwYnySJDH7kUU0UimxbER8b51Iw8vjmrxMXAkMfuIiiHgplMWxEfGxyt5K2L0/aSxNR/kvyYmBVjaTJDH7cSJAgUxCyREj4yuVaqgjEYhy7IvzVI3Ri4dyY/ciRIECHgQs4s1EqulE8U34JNvyMZcvy4yn3K8bMl7kSJAgxSNYpikRPBOvYlNy85yJMuX5a0NcTFYZlSg0Sg17cclIjIUhXIxZRh+yxiZaUajUajWOXYkPncUydCLXgrYGLK2E0n050B0WaGNemhIjTbI4aTI4ORHBkcLYhQX5FTX6FHLHS/nb2KvgxPkuXL5OndkqR02OJbjsKDYqLFQZTwpTwvchh0KlFGlFsrZsxUr1d1x+jW8GLHlcuJiLHTOkfTn0x9KfSs+lZ9Kz6ViwrFhWfSsWFI4cjQIUBU0KPDPwVn/AGPa2XGzV6FTwYyHkkPJCQiIixFGk0lhrNCEJEUJck/BL7ntYx+izGk/IxEc0RERFm0WLZIQhctT7SX3bnElEa9CRjPyT8jyjnYiIiLOxYsWEIQuXEO0BvvtWUok4ehLwY0n5zjmiIhC4FkuXGP+vchZOPoT8GNZJ5IjmiIhC4FkuX5B/wAdyFkvQqy7GLkPzkhZxI5IXr/I/etyFkuecrFesVZXHkhZxI5IXr/I/euFctyVVIrVLlSRLzmtsRC9j5H7luQuac7FSqSmOROWVixbbEQhPJer8n2nETLl80LlqVLFSY2NjeaLbo5piF6vy67RL7ULkq1bFSdyUi+TLCQkWLD2LNC9bG1ZVp/8D2oXFKVirWsTqXGx7FnbJotuWxeljqlo6UIr4TVR1w8/rahcM52KtYlO5cexCzsWHuW1eliW9buYanrkQjpR8lhHfqQ8fnlq1CpO5JjG9qFte9etpT8ojCK/GTVzH4XpPXHw8lwXKtUnO42Me5IW2w1uXqoWytSVWGlmIoujUs//ADgbK1W3glK7LjHssWEi2+w0W4lzrdjsP1odvuRJOMrPzubK1QlLvm/QaNJYsWLblyrh+VoWfUW25VnYqyvwIXLYa96pBVKbhL8laDpVHF/gvn1CrMb4ELmY9q5kLi+Woa6WuK/ktn//xAAkEAEBAAICAgMBAQADAQAAAAABABARITEgMEBBYVFxUHCR4f/aAAgBAQABPyH/AKN38U/FA3bt2/8AgVm6fu/3f7tsu2G7cOA4G357t28N2/mpIQt/U/0tmNsNWvVuG3b9O7eJ/XyWaXiX+yTZf0wFLphrwPLdu3D6Ny4FC38VdRGAP7aTFtNZmUnwPBm7edxLD4LJtw5Qfh6WNn7tyDuUxNnqBniTNww24iY8qD/fCjT939F1j8BdXYXYJn3O3llPu29Ns6kGbk6jdc4FbnAXJ4dJbcQ5D0Af2W1TV0sg5N+qf7znPi0Q2/8AYU07g6vs24C2Ytv5f/bXY399++D+8c2usGcsMjZBot4QbS1wsJuGM9JweAMsZpv2tYyqhd028b8CG6RYjaPpeJrt/wBgQzfoHKa5uQ5t4TsTLzLDDKGWOkxBBBEYW0Wm/SU3zOdyl9KLZdk5+pbPQtloF49n2FwHNwnMCT/ZcEYDDjpOAwCInDpJ5m022+fNqBxJGD4cpai2n1Hn2+oFvdFuS71g9T4buTjCO8kYCIumBGEGUkhbLfazq0fV14hbaPHV9wI9Gm85neu+fSKdSl5wNdxtLjcZCIPDrnPBBlJIzAbZNa8Sc3r6rieKwzXFu31bLWYgwdDIjDyDAHlqG5x7rWuRNROruTzNp440XHx1e7avM/M7vs8zaVv6QmAQuC6YmQfIQehyDEN7Lr1s3xLt4ln6i/O/HDoXGUjIBajx28VycIAdWvBvbyM79Wj6jPq0tQQjHjIEGBb8GcxDgMehtxa5JLm6t/1Mn+d+F+ET6hHiLR48dC41CQujptTYWhiEOvMCPgAEY34DknbymKeTMx3ONZchgWo8i4E2scYBOa1kjBFv8BhqXjC28u/lfm4ZJPQLdxjyTZzL9a3IjribZhvb4dYDBqIdQR4ImlpkYd/IMPpanM14hubfePQq4uFu2NeIctyY9axvxD2xgMZXwBgKI9gj4EdncfQPF2ONx5jcaMla79c+hg3+4dQYTftJ/t+l+lp/Y/Vs+5vuGPAeY4jOdqMinMehNzB/ktycS3bwBcfNwtlsiMf6362/9t/7FP1h/q/3f7v9+UkiDe2HiVH08NT4DDDBqNmLh9YE02w0cSprFuaNw83VoltJ3d+mb+ytvbW1u35gbt4GCsav7tommT+y4Nz4N27cwktnf1ADR7Q3G3eyepW7bpnUZmE/s792/houGUJxNo2KMCcrn3u/xotIe7UjBdSRlvbRxacs2Ey/HEc3D2usbZk7YZzytXwBc8aRBq1363Jb/kjq0pPpzbwthPjNxaReofA0u5KdLh4m3KX5Ra+4vNv7RnOXKaw+AtEoPNzYVnufmdUYJtbmeK1fYw0fA1u5PE8/NBxdNxPBi5/q1HwVzu8p3b56HGEoYfip23dlK7fONsnAuIlEZ6/g7uSuClO7/NbHCtXBOGGHDr8zuLfq1bS4d6j3Hm7z8seEOuJEYdfgR3A2OTIPO3e31pbR/bXLvd/nIR6uk8d3aO7ot4bOvNy5xP8AXu6uQbdrvPzPaEcD5nDDao0i2LFa4yO1zivfch1xbeE/KMe8sHHHLHtuvNubCT/LjPDnEz/Xt2kzoxXYnytYDMSSTbO1csONwc/u/wBY62+Lcrb7u9LV9LmAt51kEcSTId/DG5Z7gwXdZNSfSAcCMdLVMn4W7dvCyz8Hip8pn+7/AHGmPYX85hT6tvWJuswH/U2zZcHiHrZMdX4QS1gEXW3X54blmL4QNLKXAc9ygv1IfqS/Vo/Rf5lT/C/K/K/K/iv4o/kTHGi0fRcHRAfRG+iI+oLXmuduQjLc04r8ANqTWByxW0XCWBOWBaTjawPABiDqDBHo74b8Y825N+F6ODrgLWX0wHOb4UEIR5jHgebPldnjrefQ+B0us7MAjxatRBCEcscwQyngebbdtyt2/DohS5Ovgy4ch7M9SeAwI9Ta1u34qWNhyfBe25sd/euYGR6wNfuHyKIfA1ot28xuvimK9BER7H/4viZD4HXu7Vyt3bA8iemMEetyjwIiPcSd4hUgyXJSQQ8Cc5Qw+ZEeB6keAylDD61v679Lb95zUU8YlzOWIfMR4npf+oyP9W4ZShh9S3It7neOeWCGGrVrPaOoxKUMeRHsLb9xN27cMpRb9K6xOVznr5CmDm14xzDbhh8SPXvRzbLrjwXBt43DgofUORzNjPeN33CCDBMDgREMrceQiMHq5C77u0+r2ewXO+YweEefO5uzm3e5rnI5hBBgwSWvEMQ+QiMHqZ9mX84BCIz/AAIjBGDxW18EqtjLBvwHMPImNeMwOR8CI9JfXGR2HABE4v75eowA1u3MSn4BBc0MatWshJMmJgwMYMER7pL0s/6oeG86roYcxSm1awMAwMBBa8GTIeBlu3gYj0GB48/+aQHoeO7TAHcqpbcuZ8AggxrBEQWsLGvlDxGBht+gR5aL7O8bt28OruVW23bnyCMkEEQY1anBTxMHgRjdvBgiMHl16C7R1M3bv2295ba43b9EZIiCPBIXGbVrwHgX1gyeAYPP/Zj+k2rV/8QAKxAAAgIBAgYDAAIDAAMAAAAAAAERITEQQSAwUWFxoUCBkbHRUMHwYOHx/9oACAEBAAE/EP8Ax+f8c4HgOg4PJHrp8x2yeR5kOpEWEioQI9/wj3/CPf8ACPUmJ5F2iyF/gqET1E4Ydxy3fpNiZZceS77iZ7ncJddKLYEzGdRMwiqSTwpluJ93rQ/5kfmSluKDIoIzm5HNw2BlhfoUdjz9Eavi8PZNIu7klQmQnRLp8kSRLYVEGmwvhsZgToI+itUJWTxEv+RTgrPEoMVD7GQXFKWokUEpiQT+JAELZc7f0PXMbI0hQgyYuApcc6Jp6Hh7PD2ToobDkkEEkiY3QxMc3sTOwlDsWDpJEsEiXwpzQpljHMP2PG20G7fQWQCUUR+iHlC3Gt6YNg2OEmPA8mh4eyEkkXZ700nUkkbobsKazHbCasuR12KF2JplapCFNH6LHOwIQkJQOjMx/sPsqCCMBNn4TWpIg0irJiYPLuObRcJWtigboyIaJ0Wq2jx9jZoyDRJl98BVJ9BiJxY+XfsW14kiBDt/SHS0xTP+QTdP+izOw3duot8EYY/eXMDIoLdkw4n7k1PcNm3T2Y25/Qv/ANxEfyDka6CwrGMHTC6dxTjKQusx2WIncT3EWJT7DcLTPpWjcbjL71NwRMUlkku4IGwhhO/I0B33Hmx5PsSxSk+zYSH8kuhky1LFEHInyGgNmGMkXUhbKvikWRNZf6WBh2Z+iEJckBY8pWNC1zhGmAwEE/2N0ZzYbyp2XHeMHqqzorgy22/R4zDpDwOTY8k6sfnRCex13GsmWiyHIe4uN7SN4gKm+RAtHJ2DGwMsCiPLC5pkjQMPZUjMTp7DcZhLKEJE6MCg43A7mFdhmLhSFJi6Q7cDELJKkSZGw0TyM3p5LcjGUsUmV3ECbC0QTwah1WVBOhMstKbjCkmDMo8jStVo4aIIMFmKxrRHmLHo4S/CQCJ7kPhIrnlHKT74E2kacCFkwISVxSluLdhEDeCPkFkeJsycNL6jPMjKYFr0GL2JEmTb1oWRMHYFx0M1ioWC9DfqKkVYI0qMZBBgsn39GcXGwmiEKdCHWH4PyRxwqhj4J1yOT3uuFCGUMRazmD2eSvEjntCVV9kGjQuoxPSgVmZgooxwpMFqogSoiS1gYxyHwgxEug5IgU1wh/8ApBS2g4acu+q1gc9CsiXBa7Gz3HAxT1QetNDhJAmbREEcCtjMCOobCaI6V+Cklp4aoRYSUQlLRkYkSWkkjwNWtKpCrigSYF3HgUj5QOapGBNfwiMlaKcyQnFMXyDS8jvhSqmRrhfghIX4IRJLcRwDJwlZWw4zE0PBfok3A3mmoO57ExjJCBUGqqyKpafgk0dpFNmQwGJGg6EO6H7mA2BdYkRASNj0sXBWhIZ6GzXGzAmVEkhyiJ4JkyayDUUp+DuE/CxUfT/h2H4QVRYSJI2EjLHDSEl8Vjle5GMkW0TAwzgWowIZKEPAwitEzBAUDKY4YkhP2QJgUUZDDSSRCtCiJ0xJF5JZJm7Y0rjbDAtVDFrBHYQShCoUahsyWCQJQps8TShLRQD4jNuXyMODFQqgvBSdJWJeBjDHAyVRFEwKgQbC6hKiJA8pHuT9ma4RGTIEkJ8W0ejF/RRyDWKCINhniXAHEkvYZBn1pGJcgbPf0KQ8Q1NTgTjsu0ekT0EEwJSUIo0RT6GIwhZk7rPKKfUVvJmi8akolCMiJoxGeHJDGOEWTPEEyfUbKBLXBYJCi1cgLVI5HNiWayOxgJrrQhmSZDmj2JInBiNh+JRiiLcdssU3FjEHwPWkxZofA0aigXrJholgeTDg3DqBudYDVIhUjIkfAUpgISRyHOuSBQXOSWKxdolQuwTyyZGuxkpEJgeBoRCm5Y4LsPEUWJRbOsFQRktEnJYGKiHK9/07k7g7oVKv+jnzQ80mFTA1C1oY1gZJOkE4raZKTGj4kIYSIJKMchGRA6UhwYIGPKCUSLeyQdAOugi30lFbDbhodLDYcBQZfp/wY6ci0kEi3Es0wmiqiZbyR6WgUC7IjZoQlo7kQ935IyQmJzq2GCJJ7jRIixkI3gYepIQTVLIMclqwCHJG7Fi4RgFFCJJUVWhgNShN5L5oRsDLcNob653hFisij1J9yfcl1ZLqyfcn3JEu43GTlpmEbnyO0bYtNL2CmMg1EB95J0pdiGw2jJ0RWlJyJ6GSibdUFpHMaTUOGivJ5wPmC+iKxqoxE0SkUQUn+zLYu7snuw1bkOWR/BVCY3IhZl9iFREkA5roPRZgOoKkJYxuCDcpuKb6jCCldwoJJCrmogYsKM2iCoGthYLoJdDwSt2UP+yccjBdE0THxbuLyxUEg0UE+SPGhKEhh7melioxIQptCfPZaG3afYW0WBCuGZLQJbKxjOxunY/jyFAukxuM7oY23kWposb9MjAyEkdhC2ISSS+AiYLejcC1scrKJi/ZI2yRoVr5CrS3oBDSxBR7CYU5LISLDNCoSkxTyKueyVCxVL302QgMY2TL5ayO3/IJKR1u9DNLeSZVkCUyBslKGppBQ86SaHPJwSMp67iGmyJttiG40Z/LVGEqaGBECc6OxZUEhSUFKpfA6ESzIbw5yfxDX81ZUqCwEKIZokk2GrEpfXcVfDOiTRkMxl81xmkDwtBxsifk6fCviSHRGYyD/MFZHyIpwKRSIaQYDIZiCTN6WeKhLp5LTFJC1ErLS2QyaDpGX5ljGqKKIjb5KJA18EzfBZJ8Qiu3UIFUn3Jjbm+TGoiuHuVuxUm0sF8tLRvRgImGhRcjZPD2NIhFC8DBlonQmOYSLnkSJ8xzaSOQtzNpYr5a4FFhUiikHVof9yXIiIbuHNah4Wk6wPTLYoz6B2yJ9nzOp14DISocm/lGNCKNFAhdxSZD2D0hZt+jsGK2ryFFOwxJbHOTsFoqR7CiiDnCUElIwbgc9B86HDm4ER8VDYRMgET0MrPsQIRgmRzlswISporzabJWFFhLG+guBNkBDpyND5rFTjfeBpseBI1U+hEoIbJY9jdTQ0P+BGKG7SfDayhDaVCuiTSoGoSII7kaSpPuLFgUEvwFxpCUiBZ0R4+y8GAygsMx85IaHFDcyLdjiw13CTzBWCBilxkS2NzEc0NNPkpGATIKA/t6MAHf4kWkNPwdugWGjghDAJEeiEieEOWikyOcB0L9BMo6fAWXHMQTIgHB6BxLoRa0pNnGxfwbUh/6IKbpPwhKkJbfwfQDgw/BSYfhUr+HQfwhIlSE6P8AEKt6hAn6Bqn6BnKSTARIIIII0h8AuMZ0MeBiLQRvctz8CGRLJpBStCzcaQQEtDCLMFWFBItFTqNiogVIZDJSxKywWhKME4GooXFAooS0bONkF4GO8gQx4GPbURDIkb7fAWUV6MDWEhLFtm/AoJEGb0MkVBLWi0iZDacD7S+nBgMNC4SjBpWi5HAcvGJDCSRmB3VZJLgbLhfBynBgTSSYDPn6M1+h1EexYjFpBPoNxZX6EKChVYtoWdK0XI7SytmMae5AgMVMRPYXSQ3NKyF7Lv8ABvyDMM3mzXAqkbDNGK1ggYL9aLX2csZgJMuySSROzEUGRVR8DILixM+ol67PJijJCXw5GsECymLBvNguVY8Cw7tgxEkkkjWjAPZMvgRQ0VahiSxBQ2+CoURtNxm41o3mZv5TUQOx0G39AnRJJI2aMmZFYGS352RV7X6IbW5NBL6RR0MddhgvJtMh7fILRmLikXAVD2dmNXC/307Bu/Nzpfo1ye9CTmNOgtwTTeglC0WvhiRMMnmiDYT4VwJcRZFjh9QfWRAmRIsTy4EJmZ3mPZyxJOSZtWWc9STYzT/AmSf9EWRrjGMTDHQSD7cK1ULjTrOkUmAQeelDYyUW4OyZf7M/KgEpJk403Hke22Yq9jpQO5GyRlKF0DjsPwIS+GmzRZkwXRQzLQ2a4FrbNC5CokQhHStf4YMHj7PH2ePsu3LFpMKHKCGaTJWQzXZJpy5JRpcFoGyihYO+CrCGyKapDQmZqMmZsgKGQzC0WukiUchUyRox4dS5mEGcLV6FZ4FxmYjyCfnkJV2h6IvYYtyTokPoS+tDGTPBjOyS6+jDZe+uhAliwYozFwoPuNmtNwhcNXKoTnhJKppEsyE2D8EJBIjQlMCYMjLkG4ZGwGALB1EInbsa9GslaiNCIVCBCjJnotFL/wCCUCokaUZhs0Zq03CFw1cu18Dx0EKU450Wl0XtWO5kLgS7C4HjjR9BVxjcpceRlopMa6obN6wdIVogSgVESJEGL+hrB5eiCBGWuCRMTM2iFzAktCcTbd0QBH2Q1DwTGmVpoUlCTkrZMVGwWBUJk8Cku4ySDHQ2QsvGM8kEDD/mCgdjRR3EFIl19FraJIsgiyCCkmXAIg2HkkbIuWEpYloRJLRogmf8goJzltOULYqWiZDR0hKyxGT3ZO5GF5IWbMsUIoYqMApbCrVJ2Mx5ejx9lT6DwkwXpBmvVaEbxMiYmSSONGsk6rRv4i3qSt7+qGo3IaZIiSRKIyGNBWNuJLiL0jS8G4kJWjBQuEVqhKBaEyUkrJn/AKPP0Mf9kjwzDkZUkyXUggWhG/VokTMhkIErRa7hLkC1tJO1BCc7sUCckyRHcEjzbJnbH3DoNLfBkzdqLIhDAZrFyZiBUpDrgvwOV6e/BvFwEbzYJ1kVhNqRvFwLgXHWqnE8MV/aX1oePs8fY4ZBj2xk2yawMMPgyZuFjQsiwZITAkyZBIQsiwNaGwJJidjy9Hl6IEieEjeILJsFjUjIwRtFyKloZ2SsNh5ejy9H//4AAwD/2Q=='),('','image/jpeg',NULL,_binary 'data:image/jpeg;base64,/9j/4AAQSkZJRgABAQAAAQABAAD/2wBDAAYEBQYFBAYGBQYHBwYIChAKCgkJChQODwwQFxQYGBcUFhYaHSUfGhsjHBYWICwgIyYnKSopGR8tMC0oMCUoKSj/2wBDAQcHBwoIChMKChMoGhYaKCgoKCgoKCgoKCgoKCgoKCgoKCgoKCgoKCgoKCgoKCgoKCgoKCgoKCgoKCgoKCgoKCj/wgARCAHgAeADASIAAhEBAxEB/8QAGgABAAMBAQEAAAAAAAAAAAAAAAECAwQFBv/EABUBAQEAAAAAAAAAAAAAAAAAAAAB/9oADAMBAAIQAxAAAAL1BJIAAAAAIAAABIIAAAAAAAAAAAAAAAAAABIUAAAACAASipeMqHQ5hsxGzEashsyGrOTRQXVFlZLKiyouoLoEgAAAAAkICgAAAQAjM0pjma0rYrN7Gc6SZrwQBIEiATNRdUXVsSgSBFqkogvOUmk0sSAAACQgKAAAIFY5S+OdTWcC9l+bc0tSySCK2qVBIJJIhmXUF5rJa1LEoFprJNZqGcGiotbIdFufUuAACQgKAIJjLzD1s/nuc9/n8Qe08a56WOZd+7y+09C+GhpFSTWKl1LFprJYFcdciLUsWtWxa1bABFS+eeBfHLiO/Dzqndnyjq14B7fofKXPsLeF7RcAJIUCOXo+dMOWJIAAAtUbdXBoe30eb2L0qSiqC01kvakmk1krlrkRatybLESkRNCMdOUpx68RXEISISIdGRQE+z42x9dOOpYICiCvzPv/ADBiAAADatAvG5v1cex22x0Lgm0WJtFhatimemY0jQTMlVhWulDLHoocXJ6+J4effwlAAdmGYgAHu+v8x9EdAQFjOPOHg+pwGCYAACbFba6lNVhdc11y1L2rYtetiZCSCEyTZJIESIiRWmkGca1OPz/YwPEx97lPJdlTlneDGNxjfo6S3q8+x2hAXDx/d8w86uWxyU7uYyayZX0uU0mQkL1uTeuhbWuotImYFlYNGUmts7GjOTRnYuiQCAREwVy2oY1vBRcZ13gwajO82Jz05j2AkhWG8HzFfe8srz9WJhNhWySZBKxOk6lNLSTag0nIasxeKi01sazEgC0SXmskgARMFa2qUrrUzmRFb1KCJms1OO3SbhAWQOfooeLz9vCCQtJRcV1ak3SQUJrTM1c46b8uh0Tz2Oi3PY63MOlyjqcw67cuxtMSEiItBSLQQCFhnTbMyiYgSX7ctqkICgIkcXl/Qch4lrUNZiC012GkVNGEGuOPMb5YUOhzjotzDqco63IOtyDrjlHVPIPV6vC3PoNfE7zunCxqrJFbVKgmai2d4Ma65kdVOokAICgAIkcPm+9wnmZ3k03pUtjlka89MyahAAJAAAAAABO/OPc7fnPVPS05OktW0GaakRNSVJLTXoNLAEBYCwkQkQkMtcjx40yJ5p5RmqTAQAAACQAAAAAANcpPR9X571D1mOpWJgrS+YmtzTppoABAWAoBAkgcPX5ZjkyM8NMisTAAAAAAAAAAAAAmBbt4uw9Tr4+stARTSplvHUJAIACyApIhIqkY+V6nlLzZaZJlS9CsAAAAAAAAAAAAABbu4+09Do59jSaWLQG2kWAgAALAUBAIDHyvZ808zLXIyrapUAAAAAAAAAAAAC0amvTz7nbtz7GlqyWmtjotWxJBKvIdtPKyPdCAoEAkEcvXmfP8/oeeY0vQqAAAAAAAAAAABMSW1y1Nd8dzp2wub2zsXvnob2xg2z5eU15bUJUk+hCAoAAEJHneP9J5R49OvnM4mAAAAAAAAAAACSS2uVzo25NDsty2Ou/P0mt5wHPkNJyFsrZCK1PqggKAAAApcYcXqYnz2Hp8hz16YOSvbQ5G1Ci1SAAAAAE2KNrnPfs6Tzd/W2PI29OTz9uoZ3tJHn+j5JkgTCCaoIpap9WEBQAAAAGO2Z4/H6HnFYUL2pcvalxXaxzOzU86PSg82PRqcE90nFbuscG3Voc+29jLSZEpISISISK+N7HigCtqlK2zFawfZBAUAAAABW1TzvJ9byTOJF7LFbJNNKaFtKaEpGdNqmc3EWWJvXQm1bEgmYkAARNSnkep5QQESIrpY48+7A+rCAoAAAACtqHneV6XllZixe9bCYk11z0LaU0JBCRWLQRetidKXJmJLIkmYEgAiJg5fM7/ADiwEwLWpYsXPeCAoAAAADG/CcnB0c5WyxaYkm1bGumehe+ehIAAFq2JtWxaYkkEglEgEJg8zj6+MkCYktaly16SfQBAUAAAZF8+fnNuK2BlWwraQBM1k11w1NbZXL2pYkAC1bE2rJeYkTEkgiYkAA8vj6+IsiC00GtsrGls7H0YQFAAHOTyV5y1IqMrwVtNijSDNMEJE6UuXtnc0mli85yXRJM1ksC1qyTMCQSAgTMDzvM6eQuqLKyXvnY0Vk+nCAoCtOQ15c6rGc1REwRaLiySFhlXSpRYJgXvnYvaslprJa1bCYksC0xJIJAABPJ1+WY6T6x8vPp+YTKSbVsWB9QEFVnCOQnC2ZFVVBBYi8XEyITJSukGUXgqkLVsWBNq2LzSxYFpiS0xIBIJABMrkTIr4vt5nzk6ZkgtNZPqUQOdxLNIJFLVWIkRMykTNiJkJiRMyRFxlXapjGtSkzJCRNq2Fq2JmBaayXtSSyJJQLAmYktatiQAcvh/TeSeeqLTQfU5U5ymSFmEIAAtWxaYkTEiYsTMWFokhIpXSDKLVISImLEzEkgmYkmYgtMCwJtWS8xJaYkkACth81l7XiBA/9oADAMBAAIAAwAAACH8MMMMMP8A/wD/AMP/AP8A/wD/AP8A/wD/AP8A/wD/AP8A/wD/AP8Awgggggvvhkjtrvjmhgkgtjtvvvvvvgwggggvul97y0T5wfhkkggltgotvvvgwggghou3jjww/wBVk9+8o6oI6L4L774MIIZb76M7q7sdsVduvMIrL7Zp4KbL78IK6r7764fbtcMdcM8sMcdNvLLr7JYMIZ777765rsfXMO++tfMe9O/74L75oMLbLb77pK5cOufMfPsNP8UfsPe9+csMIZqYb44I5uvfPcsdPssMP0vtdOvPn8Jbb6q6aY5N+MP/APDPjX3/ACxd6U/Qa/8A4IZLY46Mues+NcN89fvf3PEPOEccUMIJIorOLfve8PP8291PtfOenOdMWUEMIIJKrK5tvL74IIIIIJJIOcOfMucMMMLLLILb7MP7774IIIIIILqNOs88sEMMII4ZJ6b77777777777766aNuPsMMMP7LL74MJ777777777777767P8fMMMMMIJr5Ovr7777777777777oo8VX8U0EMIL4IKML777777777776r449dc+dNkMIIILJNN777777777775IY7c+/u+8UMIIIIJMfNc44b7777777brpv+eNdN0MIIIIIJe+dYY7I5paK6KrLLPMN9eckMIIIIIIbc5K7Ry5KJZr4IIIIa89I7oMIIIIIIa+KJabL7KaaL4IYIKpf67aIMIIIIIIo+L4JbrL7674JYIoKK/LIoYMIIIILZ48756Jqr7764IILoIK+a4aoMIIIa6ZILK4LIpo755aa4IJabsJ65oMIIYrtPa6LoJ4aI76pYIIIIJYvf75YMZbeKcp6LI4o4pLJpb4LIIIbYO9v6Ir5vIaN+u/dcfspKqqL65rZI4oL5966vbeEP8ABB7DrvLOC6WC+u2WuWCCCvf+/9oADAMBAAIAAwAAABD8MMMMMP8A/wD/AMP/AP8A/wD/AL//AP8A/wD/AP8A/wD/AP8A/wDAAAAAA88EKuyG2S228oAYc8888888DAAAAA4lpI0QWcgz9hNdN91Npx9999DAAAAEE1hw48J8Xekk199FZdJZt199DAAEI84U8Z14Qsm9cswB119pVhNl91/AAkg88890hIY00F14lxQhAcxx99BFDAAM8888M9IwSspQl48BEdIM99F99lDAMM0880odkUEI0E0EBRIvtUQwwUAsDAYUUYcc8JgQEUgYoZsBB8Os8M0IYy/AAs0kgEctook0YcpBtww8s+ImE+ss/wDABDEDNPNOLIKHFDDUMEdob/RZkfuAwAEINPIQPJJDDEPkEjHPJPK+EMHFKAwAAEDNQWCAfPAPPPPPLPWJDDKWDNPgwPPMEPZYAPPPPAAMMMMMNdOBWKAAvv8AzzzRQ2lX3zzzzzzzzzzyzkCXyCz74PzDDyTkF33zzzzzzzzzzzyWhi3T774MDzxyji333zzzzzzzzzzyAWS5rzTTQMADwAWwH33zzzzzzzzzzwiGyBCjTAAMAAACEyzX3zzzzzzzzzwSzWhBRTyRgMADzw0zDTSk0DzzzTzDizjlDDkywhwPzzzz33ihTG12HUEFGlX2nHBBjyhS4Pzzzz33mjU02PUG0GnGlWkH1VjEm00Pzzzz323TnG0EGmF02nFm0EFWTGF2n/zzzz33GDl0Gl3331mn30HX2Eg012H/AM8881xZEFdpdd19999p9Bp99s9VN5/888kFxhllp95RNFxNVBt9Bp5UFJ15/wDOJSNJDRfbeRbcTQfVffQffUQNASfQxJVfQGcQXacffdfRcfVcdQeWSXLFcRio0WNGMOMPDPPcQVYfZfSVdfffaLYZz1wwPKqhCANIKffVTQdZVQTffffHPf/EABwRAQACAgMBAAAAAAAAAAAAAAFAUBAgAGBwEf/aAAgBAgEBPwDtZ1UoCtJBqSzjkkGx4kY+Xx7YVZNI/wD/xAAdEQEAAgICAwAAAAAAAAAAAAABAEARIBBgMFCA/9oACAEDAQE/AOhkCY4xaDU4NCmTO5XIdkLZwVC4a58h2YLx8VEC4QLZA93/AP/EAC0QAAIBAgUEAQQCAgMAAAAAAAABAgMRBBASIDATITFABRQyQVEiIzNQYXCB/9oACAEBAAE/Av8Ao65c1Go1Go1Go1Go1Go1Fy5cuXLl/wDTXJTOoazWai5cvsvzX9+5KY6hrZcsW9q5f2bkpkpjlcSFEUDSaTSW9i5cT9dyJ1BzNQiIua/Iy+1MT9ScrE5jeWoVRIhUuQeSzY97L8jG7Gs1o1I1o6iFViRkn6LmkTqpIqV0dZHVia0TkORTq2ZSqCYsrjfBPahbblycicx1LEsQkvJLGksbL8H1c/2fVzKWPnHyU/lF+ShioT8MjK/JVrKC7sxHyaX2lT5Cb8E8TUl+TqS/Zrl+zqS/ZGvJMjiE13HJMiUWQkXLlxsuX3T2IQtlzUTqE6xUqlasObe+nVlTfZmBx/dKZTmpLixWIVOJisXKo2vxw3I1ChVKUxPesllPikycipMq1CdRsvwp2PiMVf8AhIXBU7RPlajcrclKVmUJlORqL7VsnkhC2smVSoyqPdTwtSpG8SpB05WktmEn06yZh6nUgnwVftPk/wDM+GhS6jtexUholbKBR7EJCe5CznkhC3TJxJ0yrSJw3YXGOj2tcrVHUnd7fisT2s2J334upogYmeqo+K5GNyERFNkWLNC2yySEt7LDiVaXYrUicbPj+P8A8pCXbdKdjHTvFlT7uKMSERLKKIEc0LaxCXAyxYcSrSuVqBKgxxa32IwuzBUtPcj421Z2K1Uqu6KsN9hRIUxREhCIoiRyQt64rFhk12HElSTRVwo8MPDnQZ0GdBnQZGgyhQ7kI2E9teN0Yi6Yp9+5ONyce5YsWFAVMjTFEtmhCIoiiwhZ3Ll9l+Noaz0o0I6S/R0kdJHSQqaIrKtPTtkrmOpjfcpu5Up3HA0mkQhbEIRFEURW25cuJiyuXLifFLiWWKe6vDVFmLpaJsw/kfgkuGKFEjEURCLly5fYhbULne6tTc3vxWFVREsN0ZZTRpNJYS2JEYkVncuajUajUXzQtq4HssWLZPailD88FemmiutDHnYsWLEURiRWxscjUahPJZxFlcuXLiYtz22LDQ9tL7iPjgkY5bEjSWLEURQsmMciUjUaiNQ6h1BVDqEaqOsjqnWR1kdY6wqhCW572PZFXKVO3FiqGoq0nDKItkULOUiUydQlM1ms1nUOqdU6p1TrHWf7Os/2dZ/s6z/ZGs7+SnWKdUhUQnfc90hrKxRp8bMTQuitT0yI+cr5QWTY5DqE6xKsSmXLl87ly5cuXzuXIzaIYgpYko1rimKQnm98sqELi5cXh790Sp6ZDLlKP7ylIlMnUJ1Bv1E7FGvKP5MNiNXkixPN7bl8oRuyMdK5mrmLplTyUo375Tl2JzJVCUxv16FRxZQxHbuU6ikRfbJj3IpR7ehWjdFanaZHsORVmSmN+1Co0Yet3KNQTyeTHnSjdi9Cq+xVleRcqyJSH7lKVmYer2KcuxceTHlDyQXoSMTMbJsqMfuryUGyjLsLNkllSgL0Kj7GJmORJk2P3Y+SgUPAn2204XYl6NbwYgZIkP3Y+SgUfCFtpKy9Kv4K5IkSH7sIlFFPwLbHx6VbwYnySJDH7kUU0UimxbER8b51Iw8vjmrxMXAkMfuIiiHgplMWxEfGxyt5K2L0/aSxNR/kvyYmBVjaTJDH7cSJAgUxCyREj4yuVaqgjEYhy7IvzVI3Ri4dyY/ciRIECHgQs4s1EqulE8U34JNvyMZcvy4yn3K8bMl7kSJAgxSNYpikRPBOvYlNy85yJMuX5a0NcTFYZlSg0Sg17cclIjIUhXIxZRh+yxiZaUajUajWOXYkPncUydCLXgrYGLK2E0n050B0WaGNemhIjTbI4aTI4ORHBkcLYhQX5FTX6FHLHS/nb2KvgxPkuXL5OndkqR02OJbjsKDYqLFQZTwpTwvchh0KlFGlFsrZsxUr1d1x+jW8GLHlcuJiLHTOkfTn0x9KfSs+lZ9Kz6ViwrFhWfSsWFI4cjQIUBU0KPDPwVn/AGPa2XGzV6FTwYyHkkPJCQiIixFGk0lhrNCEJEUJck/BL7ntYx+izGk/IxEc0RERFm0WLZIQhctT7SX3bnElEa9CRjPyT8jyjnYiIiLOxYsWEIQuXEO0BvvtWUok4ehLwY0n5zjmiIhC4FkuXGP+vchZOPoT8GNZJ5IjmiIhC4FkuX5B/wAdyFkvQqy7GLkPzkhZxI5IXr/I/etyFkuecrFesVZXHkhZxI5IXr/I/euFctyVVIrVLlSRLzmtsRC9j5H7luQuac7FSqSmOROWVixbbEQhPJer8n2nETLl80LlqVLFSY2NjeaLbo5piF6vy67RL7ULkq1bFSdyUi+TLCQkWLD2LNC9bG1ZVp/8D2oXFKVirWsTqXGx7FnbJotuWxeljqlo6UIr4TVR1w8/rahcM52KtYlO5cexCzsWHuW1eliW9buYanrkQjpR8lhHfqQ8fnlq1CpO5JjG9qFte9etpT8ojCK/GTVzH4XpPXHw8lwXKtUnO42Me5IW2w1uXqoWytSVWGlmIoujUs//ADgbK1W3glK7LjHssWEi2+w0W4lzrdjsP1odvuRJOMrPzubK1QlLvm/QaNJYsWLblyrh+VoWfUW25VnYqyvwIXLYa96pBVKbhL8laDpVHF/gvn1CrMb4ELmY9q5kLi+Woa6WuK/ktn//xAAkEAEBAAICAgMBAQADAQAAAAABABARITEgMEBBYVFxUHCR4f/aAAgBAQABPyH/AKN38U/FA3bt2/8AgVm6fu/3f7tsu2G7cOA4G357t28N2/mpIQt/U/0tmNsNWvVuG3b9O7eJ/XyWaXiX+yTZf0wFLphrwPLdu3D6Ny4FC38VdRGAP7aTFtNZmUnwPBm7edxLD4LJtw5Qfh6WNn7tyDuUxNnqBniTNww24iY8qD/fCjT939F1j8BdXYXYJn3O3llPu29Ns6kGbk6jdc4FbnAXJ4dJbcQ5D0Af2W1TV0sg5N+qf7znPi0Q2/8AYU07g6vs24C2Ytv5f/bXY399++D+8c2usGcsMjZBot4QbS1wsJuGM9JweAMsZpv2tYyqhd028b8CG6RYjaPpeJrt/wBgQzfoHKa5uQ5t4TsTLzLDDKGWOkxBBBEYW0Wm/SU3zOdyl9KLZdk5+pbPQtloF49n2FwHNwnMCT/ZcEYDDjpOAwCInDpJ5m022+fNqBxJGD4cpai2n1Hn2+oFvdFuS71g9T4buTjCO8kYCIumBGEGUkhbLfazq0fV14hbaPHV9wI9Gm85neu+fSKdSl5wNdxtLjcZCIPDrnPBBlJIzAbZNa8Sc3r6rieKwzXFu31bLWYgwdDIjDyDAHlqG5x7rWuRNROruTzNp440XHx1e7avM/M7vs8zaVv6QmAQuC6YmQfIQehyDEN7Lr1s3xLt4ln6i/O/HDoXGUjIBajx28VycIAdWvBvbyM79Wj6jPq0tQQjHjIEGBb8GcxDgMehtxa5JLm6t/1Mn+d+F+ET6hHiLR48dC41CQujptTYWhiEOvMCPgAEY34DknbymKeTMx3ONZchgWo8i4E2scYBOa1kjBFv8BhqXjC28u/lfm4ZJPQLdxjyTZzL9a3IjribZhvb4dYDBqIdQR4ImlpkYd/IMPpanM14hubfePQq4uFu2NeIctyY9axvxD2xgMZXwBgKI9gj4EdncfQPF2ONx5jcaMla79c+hg3+4dQYTftJ/t+l+lp/Y/Vs+5vuGPAeY4jOdqMinMehNzB/ktycS3bwBcfNwtlsiMf6362/9t/7FP1h/q/3f7v9+UkiDe2HiVH08NT4DDDBqNmLh9YE02w0cSprFuaNw83VoltJ3d+mb+ytvbW1u35gbt4GCsav7tommT+y4Nz4N27cwktnf1ADR7Q3G3eyepW7bpnUZmE/s792/houGUJxNo2KMCcrn3u/xotIe7UjBdSRlvbRxacs2Ey/HEc3D2usbZk7YZzytXwBc8aRBq1363Jb/kjq0pPpzbwthPjNxaReofA0u5KdLh4m3KX5Ra+4vNv7RnOXKaw+AtEoPNzYVnufmdUYJtbmeK1fYw0fA1u5PE8/NBxdNxPBi5/q1HwVzu8p3b56HGEoYfip23dlK7fONsnAuIlEZ6/g7uSuClO7/NbHCtXBOGGHDr8zuLfq1bS4d6j3Hm7z8seEOuJEYdfgR3A2OTIPO3e31pbR/bXLvd/nIR6uk8d3aO7ot4bOvNy5xP8AXu6uQbdrvPzPaEcD5nDDao0i2LFa4yO1zivfch1xbeE/KMe8sHHHLHtuvNubCT/LjPDnEz/Xt2kzoxXYnytYDMSSTbO1csONwc/u/wBY62+Lcrb7u9LV9LmAt51kEcSTId/DG5Z7gwXdZNSfSAcCMdLVMn4W7dvCyz8Hip8pn+7/AHGmPYX85hT6tvWJuswH/U2zZcHiHrZMdX4QS1gEXW3X54blmL4QNLKXAc9ygv1IfqS/Vo/Rf5lT/C/K/K/K/iv4o/kTHGi0fRcHRAfRG+iI+oLXmuduQjLc04r8ANqTWByxW0XCWBOWBaTjawPABiDqDBHo74b8Y825N+F6ODrgLWX0wHOb4UEIR5jHgebPldnjrefQ+B0us7MAjxatRBCEcscwQyngebbdtyt2/DohS5Ovgy4ch7M9SeAwI9Ta1u34qWNhyfBe25sd/euYGR6wNfuHyKIfA1ot28xuvimK9BER7H/4viZD4HXu7Vyt3bA8iemMEetyjwIiPcSd4hUgyXJSQQ8Cc5Qw+ZEeB6keAylDD61v679Lb95zUU8YlzOWIfMR4npf+oyP9W4ZShh9S3It7neOeWCGGrVrPaOoxKUMeRHsLb9xN27cMpRb9K6xOVznr5CmDm14xzDbhh8SPXvRzbLrjwXBt43DgofUORzNjPeN33CCDBMDgREMrceQiMHq5C77u0+r2ewXO+YweEefO5uzm3e5rnI5hBBgwSWvEMQ+QiMHqZ9mX84BCIz/AAIjBGDxW18EqtjLBvwHMPImNeMwOR8CI9JfXGR2HABE4v75eowA1u3MSn4BBc0MatWshJMmJgwMYMER7pL0s/6oeG86roYcxSm1awMAwMBBa8GTIeBlu3gYj0GB48/+aQHoeO7TAHcqpbcuZ8AggxrBEQWsLGvlDxGBht+gR5aL7O8bt28OruVW23bnyCMkEEQY1anBTxMHgRjdvBgiMHl16C7R1M3bv2295ba43b9EZIiCPBIXGbVrwHgX1gyeAYPP/Zj+k2rV/8QAKxAAAgIBAgYDAAIDAAMAAAAAAAERITEQQSAwUWFxoUCBkbHRUMHwYOHx/9oACAEBAAE/EP8Ax+f8c4HgOg4PJHrp8x2yeR5kOpEWEioQI9/wj3/CPf8ACPUmJ5F2iyF/gqET1E4Ydxy3fpNiZZceS77iZ7ncJddKLYEzGdRMwiqSTwpluJ93rQ/5kfmSluKDIoIzm5HNw2BlhfoUdjz9Eavi8PZNIu7klQmQnRLp8kSRLYVEGmwvhsZgToI+itUJWTxEv+RTgrPEoMVD7GQXFKWokUEpiQT+JAELZc7f0PXMbI0hQgyYuApcc6Jp6Hh7PD2ToobDkkEEkiY3QxMc3sTOwlDsWDpJEsEiXwpzQpljHMP2PG20G7fQWQCUUR+iHlC3Gt6YNg2OEmPA8mh4eyEkkXZ700nUkkbobsKazHbCasuR12KF2JplapCFNH6LHOwIQkJQOjMx/sPsqCCMBNn4TWpIg0irJiYPLuObRcJWtigboyIaJ0Wq2jx9jZoyDRJl98BVJ9BiJxY+XfsW14kiBDt/SHS0xTP+QTdP+izOw3duot8EYY/eXMDIoLdkw4n7k1PcNm3T2Y25/Qv/ANxEfyDka6CwrGMHTC6dxTjKQusx2WIncT3EWJT7DcLTPpWjcbjL71NwRMUlkku4IGwhhO/I0B33Hmx5PsSxSk+zYSH8kuhky1LFEHInyGgNmGMkXUhbKvikWRNZf6WBh2Z+iEJckBY8pWNC1zhGmAwEE/2N0ZzYbyp2XHeMHqqzorgy22/R4zDpDwOTY8k6sfnRCex13GsmWiyHIe4uN7SN4gKm+RAtHJ2DGwMsCiPLC5pkjQMPZUjMTp7DcZhLKEJE6MCg43A7mFdhmLhSFJi6Q7cDELJKkSZGw0TyM3p5LcjGUsUmV3ECbC0QTwah1WVBOhMstKbjCkmDMo8jStVo4aIIMFmKxrRHmLHo4S/CQCJ7kPhIrnlHKT74E2kacCFkwISVxSluLdhEDeCPkFkeJsycNL6jPMjKYFr0GL2JEmTb1oWRMHYFx0M1ioWC9DfqKkVYI0qMZBBgsn39GcXGwmiEKdCHWH4PyRxwqhj4J1yOT3uuFCGUMRazmD2eSvEjntCVV9kGjQuoxPSgVmZgooxwpMFqogSoiS1gYxyHwgxEug5IgU1wh/8ApBS2g4acu+q1gc9CsiXBa7Gz3HAxT1QetNDhJAmbREEcCtjMCOobCaI6V+Cklp4aoRYSUQlLRkYkSWkkjwNWtKpCrigSYF3HgUj5QOapGBNfwiMlaKcyQnFMXyDS8jvhSqmRrhfghIX4IRJLcRwDJwlZWw4zE0PBfok3A3mmoO57ExjJCBUGqqyKpafgk0dpFNmQwGJGg6EO6H7mA2BdYkRASNj0sXBWhIZ6GzXGzAmVEkhyiJ4JkyayDUUp+DuE/CxUfT/h2H4QVRYSJI2EjLHDSEl8Vjle5GMkW0TAwzgWowIZKEPAwitEzBAUDKY4YkhP2QJgUUZDDSSRCtCiJ0xJF5JZJm7Y0rjbDAtVDFrBHYQShCoUahsyWCQJQps8TShLRQD4jNuXyMODFQqgvBSdJWJeBjDHAyVRFEwKgQbC6hKiJA8pHuT9ma4RGTIEkJ8W0ejF/RRyDWKCINhniXAHEkvYZBn1pGJcgbPf0KQ8Q1NTgTjsu0ekT0EEwJSUIo0RT6GIwhZk7rPKKfUVvJmi8akolCMiJoxGeHJDGOEWTPEEyfUbKBLXBYJCi1cgLVI5HNiWayOxgJrrQhmSZDmj2JInBiNh+JRiiLcdssU3FjEHwPWkxZofA0aigXrJholgeTDg3DqBudYDVIhUjIkfAUpgISRyHOuSBQXOSWKxdolQuwTyyZGuxkpEJgeBoRCm5Y4LsPEUWJRbOsFQRktEnJYGKiHK9/07k7g7oVKv+jnzQ80mFTA1C1oY1gZJOkE4raZKTGj4kIYSIJKMchGRA6UhwYIGPKCUSLeyQdAOugi30lFbDbhodLDYcBQZfp/wY6ci0kEi3Es0wmiqiZbyR6WgUC7IjZoQlo7kQ935IyQmJzq2GCJJ7jRIixkI3gYepIQTVLIMclqwCHJG7Fi4RgFFCJJUVWhgNShN5L5oRsDLcNob653hFisij1J9yfcl1ZLqyfcn3JEu43GTlpmEbnyO0bYtNL2CmMg1EB95J0pdiGw2jJ0RWlJyJ6GSibdUFpHMaTUOGivJ5wPmC+iKxqoxE0SkUQUn+zLYu7snuw1bkOWR/BVCY3IhZl9iFREkA5roPRZgOoKkJYxuCDcpuKb6jCCldwoJJCrmogYsKM2iCoGthYLoJdDwSt2UP+yccjBdE0THxbuLyxUEg0UE+SPGhKEhh7melioxIQptCfPZaG3afYW0WBCuGZLQJbKxjOxunY/jyFAukxuM7oY23kWposb9MjAyEkdhC2ISSS+AiYLejcC1scrKJi/ZI2yRoVr5CrS3oBDSxBR7CYU5LISLDNCoSkxTyKueyVCxVL302QgMY2TL5ayO3/IJKR1u9DNLeSZVkCUyBslKGppBQ86SaHPJwSMp67iGmyJttiG40Z/LVGEqaGBECc6OxZUEhSUFKpfA6ESzIbw5yfxDX81ZUqCwEKIZokk2GrEpfXcVfDOiTRkMxl81xmkDwtBxsifk6fCviSHRGYyD/MFZHyIpwKRSIaQYDIZiCTN6WeKhLp5LTFJC1ErLS2QyaDpGX5ljGqKKIjb5KJA18EzfBZJ8Qiu3UIFUn3Jjbm+TGoiuHuVuxUm0sF8tLRvRgImGhRcjZPD2NIhFC8DBlonQmOYSLnkSJ8xzaSOQtzNpYr5a4FFhUiikHVof9yXIiIbuHNah4Wk6wPTLYoz6B2yJ9nzOp14DISocm/lGNCKNFAhdxSZD2D0hZt+jsGK2ryFFOwxJbHOTsFoqR7CiiDnCUElIwbgc9B86HDm4ER8VDYRMgET0MrPsQIRgmRzlswISporzabJWFFhLG+guBNkBDpyND5rFTjfeBpseBI1U+hEoIbJY9jdTQ0P+BGKG7SfDayhDaVCuiTSoGoSII7kaSpPuLFgUEvwFxpCUiBZ0R4+y8GAygsMx85IaHFDcyLdjiw13CTzBWCBilxkS2NzEc0NNPkpGATIKA/t6MAHf4kWkNPwdugWGjghDAJEeiEieEOWikyOcB0L9BMo6fAWXHMQTIgHB6BxLoRa0pNnGxfwbUh/6IKbpPwhKkJbfwfQDgw/BSYfhUr+HQfwhIlSE6P8AEKt6hAn6Bqn6BnKSTARIIIII0h8AuMZ0MeBiLQRvctz8CGRLJpBStCzcaQQEtDCLMFWFBItFTqNiogVIZDJSxKywWhKME4GooXFAooS0bONkF4GO8gQx4GPbURDIkb7fAWUV6MDWEhLFtm/AoJEGb0MkVBLWi0iZDacD7S+nBgMNC4SjBpWi5HAcvGJDCSRmB3VZJLgbLhfBynBgTSSYDPn6M1+h1EexYjFpBPoNxZX6EKChVYtoWdK0XI7SytmMae5AgMVMRPYXSQ3NKyF7Lv8ABvyDMM3mzXAqkbDNGK1ggYL9aLX2csZgJMuySSROzEUGRVR8DILixM+ol67PJijJCXw5GsECymLBvNguVY8Cw7tgxEkkkjWjAPZMvgRQ0VahiSxBQ2+CoURtNxm41o3mZv5TUQOx0G39AnRJJI2aMmZFYGS352RV7X6IbW5NBL6RR0MddhgvJtMh7fILRmLikXAVD2dmNXC/307Bu/Nzpfo1ye9CTmNOgtwTTeglC0WvhiRMMnmiDYT4VwJcRZFjh9QfWRAmRIsTy4EJmZ3mPZyxJOSZtWWc9STYzT/AmSf9EWRrjGMTDHQSD7cK1ULjTrOkUmAQeelDYyUW4OyZf7M/KgEpJk403Hke22Yq9jpQO5GyRlKF0DjsPwIS+GmzRZkwXRQzLQ2a4FrbNC5CokQhHStf4YMHj7PH2ePsu3LFpMKHKCGaTJWQzXZJpy5JRpcFoGyihYO+CrCGyKapDQmZqMmZsgKGQzC0WukiUchUyRox4dS5mEGcLV6FZ4FxmYjyCfnkJV2h6IvYYtyTokPoS+tDGTPBjOyS6+jDZe+uhAliwYozFwoPuNmtNwhcNXKoTnhJKppEsyE2D8EJBIjQlMCYMjLkG4ZGwGALB1EInbsa9GslaiNCIVCBCjJnotFL/wCCUCokaUZhs0Zq03CFw1cu18Dx0EKU450Wl0XtWO5kLgS7C4HjjR9BVxjcpceRlopMa6obN6wdIVogSgVESJEGL+hrB5eiCBGWuCRMTM2iFzAktCcTbd0QBH2Q1DwTGmVpoUlCTkrZMVGwWBUJk8Cku4ySDHQ2QsvGM8kEDD/mCgdjRR3EFIl19FraJIsgiyCCkmXAIg2HkkbIuWEpYloRJLRogmf8goJzltOULYqWiZDR0hKyxGT3ZO5GF5IWbMsUIoYqMApbCrVJ2Mx5ejx9lT6DwkwXpBmvVaEbxMiYmSSONGsk6rRv4i3qSt7+qGo3IaZIiSRKIyGNBWNuJLiL0jS8G4kJWjBQuEVqhKBaEyUkrJn/AKPP0Mf9kjwzDkZUkyXUggWhG/VokTMhkIErRa7hLkC1tJO1BCc7sUCckyRHcEjzbJnbH3DoNLfBkzdqLIhDAZrFyZiBUpDrgvwOV6e/BvFwEbzYJ1kVhNqRvFwLgXHWqnE8MV/aX1oePs8fY4ZBj2xk2yawMMPgyZuFjQsiwZITAkyZBIQsiwNaGwJJidjy9Hl6IEieEjeILJsFjUjIwRtFyKloZ2SsNh5ejy9H//4AAwD/2Q==');
/*!40000 ALTER TABLE `multimedia` ENABLE KEYS */;
UNLOCK TABLES;

--
-- Table structure for table `reservations`
--

DROP TABLE IF EXISTS `reservations`;
/*!40101 SET @saved_cs_client     = @@character_set_client */;
/*!50503 SET character_set_client = utf8mb4 */;
CREATE TABLE `reservations` (
  `id` int NOT NULL AUTO_INCREMENT COMMENT 'This is a unique identified for a reservation',
  `id_user` varchar(100) CHARACTER SET utf8 COLLATE utf8_general_ci NOT NULL COMMENT 'This made reference to user for table user.',
  `id_suite` int NOT NULL COMMENT 'This made reference to user for table user',
  `date_init` date NOT NULL COMMENT 'Date since',
  `date_end` date NOT NULL COMMENT 'Date until ',
  `date_made` timestamp NOT NULL COMMENT 'This is a date when made a reservation',
  `total_amount` double DEFAULT NULL COMMENT 'This is a total mount of reservation, price of reservation per total days',
  `total_days` int NOT NULL COMMENT 'Total days of reservations.',
  PRIMARY KEY (`id`),
  KEY `reservations_FK_1` (`id_suite`),
  KEY `reservations_FK` (`id_user`),
  CONSTRAINT `reservations_FK` FOREIGN KEY (`id_user`) REFERENCES `users` (`id`) ON DELETE RESTRICT ON UPDATE RESTRICT,
  CONSTRAINT `reservations_FK_1` FOREIGN KEY (`id_suite`) REFERENCES `suites` (`id`) ON DELETE RESTRICT ON UPDATE RESTRICT
) ENGINE=InnoDB AUTO_INCREMENT=20 DEFAULT CHARSET=utf8mb4 COLLATE=utf8mb4_0900_ai_ci;
/*!40101 SET character_set_client = @saved_cs_client */;

--
-- Dumping data for table `reservations`
--

LOCK TABLES `reservations` WRITE;
/*!40000 ALTER TABLE `reservations` DISABLE KEYS */;
INSERT INTO `reservations` VALUES (18,'IIdwvJXbhITJD1b1eKrEcLmiWkg1',5,'2022-12-21','2022-12-24','2022-11-29 00:15:11',40,4),(19,'IIdwvJXbhITJD1b1eKrEcLmiWkg1',7,'2022-12-13','2022-12-17','2022-11-29 00:23:11',25,5);
/*!40000 ALTER TABLE `reservations` ENABLE KEYS */;
UNLOCK TABLES;
/*!50003 SET @saved_cs_client      = @@character_set_client */ ;
/*!50003 SET @saved_cs_results     = @@character_set_results */ ;
/*!50003 SET @saved_col_connection = @@collation_connection */ ;
/*!50003 SET character_set_client  = utf8mb4 */ ;
/*!50003 SET character_set_results = utf8mb4 */ ;
/*!50003 SET collation_connection  = utf8mb4_0900_ai_ci */ ;
/*!50003 SET @saved_sql_mode       = @@sql_mode */ ;
/*!50003 SET sql_mode              = 'STRICT_TRANS_TABLES,NO_ENGINE_SUBSTITUTION' */ ;
DELIMITER ;;
/*!50003 CREATE*/ /*!50017 DEFINER=`admin`@`%`*/ /*!50003 TRIGGER `tr_reservations02` BEFORE INSERT ON `reservations` FOR EACH ROW BEGIN 

	
	if not ( new.date_end  >= new.date_init ) then 
		-- Debe mostar error
		SIGNAL SQLSTATE '45000' SET MESSAGE_TEXT = 'Las fechas ingresadas no son validas';
	end if;

	if ( new.date_init = new.date_end) then
		set	new.total_days = 1;
	else 
		set	new.total_days = f_diferences_between_dates(new.date_init, new.date_end);
	end if;
	
	if ( new.date_made is null ) then
		set new.date_made = CURRENT_TIMESTAMP();
	end if;
	
END */;;
DELIMITER ;
/*!50003 SET sql_mode              = @saved_sql_mode */ ;
/*!50003 SET character_set_client  = @saved_cs_client */ ;
/*!50003 SET character_set_results = @saved_cs_results */ ;
/*!50003 SET collation_connection  = @saved_col_connection */ ;
/*!50003 SET @saved_cs_client      = @@character_set_client */ ;
/*!50003 SET @saved_cs_results     = @@character_set_results */ ;
/*!50003 SET @saved_col_connection = @@collation_connection */ ;
/*!50003 SET character_set_client  = utf8mb4 */ ;
/*!50003 SET character_set_results = utf8mb4 */ ;
/*!50003 SET collation_connection  = utf8mb4_0900_ai_ci */ ;
/*!50003 SET @saved_sql_mode       = @@sql_mode */ ;
/*!50003 SET sql_mode              = 'STRICT_TRANS_TABLES,NO_ENGINE_SUBSTITUTION' */ ;
DELIMITER ;;
/*!50003 CREATE*/ /*!50017 DEFINER=`admin`@`%`*/ /*!50003 TRIGGER `TR_RESERVATIONS01` AFTER INSERT ON `reservations` FOR EACH ROW BEGIN
	call create_reservations_deta(new.id);
END */;;
DELIMITER ;
/*!50003 SET sql_mode              = @saved_sql_mode */ ;
/*!50003 SET character_set_client  = @saved_cs_client */ ;
/*!50003 SET character_set_results = @saved_cs_results */ ;
/*!50003 SET collation_connection  = @saved_col_connection */ ;

--
-- Table structure for table `reservations_deta`
--

DROP TABLE IF EXISTS `reservations_deta`;
/*!40101 SET @saved_cs_client     = @@character_set_client */;
/*!50503 SET character_set_client = utf8mb4 */;
CREATE TABLE `reservations_deta` (
  `id_reservation` int NOT NULL COMMENT 'Reference for a table reservation',
  `apply_date` date NOT NULL COMMENT 'This is a date in was apply',
  `amount` double NOT NULL COMMENT 'This is a amount what you pay.'
) ENGINE=InnoDB DEFAULT CHARSET=utf8mb4 COLLATE=utf8mb4_0900_ai_ci;
/*!40101 SET character_set_client = @saved_cs_client */;

--
-- Dumping data for table `reservations_deta`
--

LOCK TABLES `reservations_deta` WRITE;
/*!40000 ALTER TABLE `reservations_deta` DISABLE KEYS */;
INSERT INTO `reservations_deta` VALUES (18,'2022-12-21',10),(18,'2022-12-22',10),(18,'2022-12-23',10),(18,'2022-12-24',10),(19,'2022-12-13',5),(19,'2022-12-14',5),(19,'2022-12-15',5),(19,'2022-12-16',5),(19,'2022-12-17',5);
/*!40000 ALTER TABLE `reservations_deta` ENABLE KEYS */;
UNLOCK TABLES;

--
-- Table structure for table `suites`
--

DROP TABLE IF EXISTS `suites`;
/*!40101 SET @saved_cs_client     = @@character_set_client */;
/*!50503 SET character_set_client = utf8mb4 */;
CREATE TABLE `suites` (
  `id` int NOT NULL COMMENT 'This is a id of the suite, is a number of the suite.',
  `id_category` varchar(20) NOT NULL COMMENT 'This made reference to category of table suites_categories',
  PRIMARY KEY (`id`),
  KEY `suites_FK` (`id_category`),
  CONSTRAINT `suites_FK` FOREIGN KEY (`id_category`) REFERENCES `suites_categories` (`id`) ON DELETE RESTRICT ON UPDATE RESTRICT
) ENGINE=InnoDB DEFAULT CHARSET=utf8mb4 COLLATE=utf8mb4_0900_ai_ci COMMENT='Table of  hotel suites';
/*!40101 SET character_set_client = @saved_cs_client */;

--
-- Dumping data for table `suites`
--

LOCK TABLES `suites` WRITE;
/*!40000 ALTER TABLE `suites` DISABLE KEYS */;
INSERT INTO `suites` VALUES (1,'cat1'),(2,'cat1'),(5,'cat2'),(4,'cat3'),(6,'cat3'),(3,'cat4'),(7,'cat4');
/*!40000 ALTER TABLE `suites` ENABLE KEYS */;
UNLOCK TABLES;

--
-- Table structure for table `suites_categories`
--

DROP TABLE IF EXISTS `suites_categories`;
/*!40101 SET @saved_cs_client     = @@character_set_client */;
/*!50503 SET character_set_client = utf8mb4 */;
CREATE TABLE `suites_categories` (
  `id` varchar(20) NOT NULL COMMENT 'This is a identified for each category',
  `name` varchar(100) NOT NULL COMMENT 'This is a name of category, could be a title of category.',
  `description` varchar(500) NOT NULL COMMENT 'This is a description of category',
  `price` double NOT NULL COMMENT 'This is a price of category, this price is for each day of reservation.',
  `id_catalog_media` varchar(100) CHARACTER SET utf8mb4 COLLATE utf8mb4_0900_ai_ci NOT NULL COMMENT 'This is a id for table multimedia where found a all multimedia relacionated of this category.',
  PRIMARY KEY (`id`),
  KEY `suites_categories_FK` (`id_catalog_media`),
  CONSTRAINT `suites_categories_FK` FOREIGN KEY (`id_catalog_media`) REFERENCES `catalogs` (`id`) ON DELETE RESTRICT
) ENGINE=InnoDB DEFAULT CHARSET=utf8mb4 COLLATE=utf8mb4_0900_ai_ci COMMENT='Table for categories of suites';
/*!40101 SET character_set_client = @saved_cs_client */;

--
-- Dumping data for table `suites_categories`
--

LOCK TABLES `suites_categories` WRITE;
/*!40000 ALTER TABLE `suites_categories` DISABLE KEYS */;
INSERT INTO `suites_categories` VALUES ('cat1','This is a category 1','This is a first category\nLorem ipsum dolor sit amet consectetur adipisicing elit. Similique laboriosam voluptate vitae tempore, tempora voluptatum nemo velit ut doloribus iste magni aliquam ad recusandae ipsum, corporis fuga, laborum aliquid est sapiente beatae. Voluptates dolores debitis fugit error, accusamus recusandae ducimus, maxime officiis libero aliquid sit porro aliquam ipsam perferendis eos at enim pariatur itaque in omnis distinctio sed magni. Ipsum eos, numquam ipsam omnis, consequun',50,'catalog_basic_suite'),('cat2','This is a second category','This is a category 2\nLorem ipsum dolor sit amet consectetur adipisicing elit. Similique laboriosam voluptate vitae tempore, tempora voluptatum nemo velit ut doloribus iste magni aliquam ad recusandae ipsum, corporis fuga, laborum aliquid est sapiente beatae. Voluptates dolores debitis fugit error, accusamus recusandae ducimus, maxime officiis libero aliquid sit porro aliquam ipsam perferendis eos at enim pariatur itaque in omnis distinctio sed magni. Ipsum eos, numquam ipsam omnis, consequuntur ',10,'catalog_medium_suite'),('cat3','This is category 3','You get a nice views to the beach.\nLorem ipsum dolor sit amet consectetur adipisicing elit. Similique laboriosam voluptate vitae tempore, tempora voluptatum nemo velit ut doloribus iste magni aliquam ad recusandae ipsum, corporis fuga, laborum aliquid est sapiente beatae. Voluptates dolores debitis fugit error, accusamus recusandae ducimus, maxime officiis libero aliquid sit porro aliquam ipsam perferendis eos at enim pariatur itaque in omnis distinctio sed magni. Ipsum eos, numquam ipsam omnis,',50,'catalog_beach'),('cat4','New Category','The description of new category',5,'new_category_catalog');
/*!40000 ALTER TABLE `suites_categories` ENABLE KEYS */;
UNLOCK TABLES;

--
-- Table structure for table `user_roles`
--

DROP TABLE IF EXISTS `user_roles`;
/*!40101 SET @saved_cs_client     = @@character_set_client */;
/*!50503 SET character_set_client = utf8mb4 */;
CREATE TABLE `user_roles` (
  `id` varchar(10) NOT NULL,
  `Name` varchar(30) NOT NULL,
  `Column1` varchar(200) NOT NULL,
  PRIMARY KEY (`id`)
) ENGINE=InnoDB DEFAULT CHARSET=utf8mb4 COLLATE=utf8mb4_0900_ai_ci COMMENT='Table for roles of user.';
/*!40101 SET character_set_client = @saved_cs_client */;

--
-- Dumping data for table `user_roles`
--

LOCK TABLES `user_roles` WRITE;
/*!40000 ALTER TABLE `user_roles` DISABLE KEYS */;
INSERT INTO `user_roles` VALUES ('ADM','Admin Role','Admin role for user what manage de system'),('BASIC','Basic Role','Basic role for users');
/*!40000 ALTER TABLE `user_roles` ENABLE KEYS */;
UNLOCK TABLES;
/*!50003 SET @saved_cs_client      = @@character_set_client */ ;
/*!50003 SET @saved_cs_results     = @@character_set_results */ ;
/*!50003 SET @saved_col_connection = @@collation_connection */ ;
/*!50003 SET character_set_client  = utf8mb4 */ ;
/*!50003 SET character_set_results = utf8mb4 */ ;
/*!50003 SET collation_connection  = utf8mb4_0900_ai_ci */ ;
/*!50003 SET @saved_sql_mode       = @@sql_mode */ ;
/*!50003 SET sql_mode              = 'STRICT_TRANS_TABLES,NO_ENGINE_SUBSTITUTION' */ ;
DELIMITER ;;
/*!50003 CREATE*/ /*!50017 DEFINER=`admin`@`%`*/ /*!50003 TRIGGER `Tr01_user_roles` BEFORE INSERT ON `user_roles` FOR EACH ROW set new.id = UPPER(new.id) */;;
DELIMITER ;
/*!50003 SET sql_mode              = @saved_sql_mode */ ;
/*!50003 SET character_set_client  = @saved_cs_client */ ;
/*!50003 SET character_set_results = @saved_cs_results */ ;
/*!50003 SET collation_connection  = @saved_col_connection */ ;
/*!50003 SET @saved_cs_client      = @@character_set_client */ ;
/*!50003 SET @saved_cs_results     = @@character_set_results */ ;
/*!50003 SET @saved_col_connection = @@collation_connection */ ;
/*!50003 SET character_set_client  = utf8mb4 */ ;
/*!50003 SET character_set_results = utf8mb4 */ ;
/*!50003 SET collation_connection  = utf8mb4_0900_ai_ci */ ;
/*!50003 SET @saved_sql_mode       = @@sql_mode */ ;
/*!50003 SET sql_mode              = 'STRICT_TRANS_TABLES,NO_ENGINE_SUBSTITUTION' */ ;
DELIMITER ;;
/*!50003 CREATE*/ /*!50017 DEFINER=`admin`@`%`*/ /*!50003 TRIGGER `Tr02_user_roles` BEFORE UPDATE ON `user_roles` FOR EACH ROW set new.id = UPPER(new.id) */;;
DELIMITER ;
/*!50003 SET sql_mode              = @saved_sql_mode */ ;
/*!50003 SET character_set_client  = @saved_cs_client */ ;
/*!50003 SET character_set_results = @saved_cs_results */ ;
/*!50003 SET collation_connection  = @saved_col_connection */ ;

--
-- Table structure for table `users`
--

DROP TABLE IF EXISTS `users`;
/*!40101 SET @saved_cs_client     = @@character_set_client */;
/*!50503 SET character_set_client = utf8mb4 */;
CREATE TABLE `users` (
  `id` varchar(100) CHARACTER SET utf8 COLLATE utf8_general_ci NOT NULL COMMENT 'This is uid for auth firebase',
  `name` varchar(100) CHARACTER SET utf8 COLLATE utf8_general_ci NOT NULL COMMENT 'This is a name the user',
  `lastname1` varchar(50) NOT NULL COMMENT 'This is a lastname 1 the user',
  `lastname2` varchar(50) NOT NULL COMMENT 'This is a lastname 2 the user',
  `email` varchar(255) NOT NULL COMMENT 'This is a email the user',
  `nacionality_code` int NOT NULL COMMENT 'This  is a nacionality code of user, necesary for phone number',
  `phone1` varchar(15) NOT NULL COMMENT 'This is a phone number 1 the user',
  `phone2` varchar(100) DEFAULT NULL COMMENT 'This is a phone number 2 the user',
  `url_image` varchar(255) DEFAULT NULL,
  `role_id` varchar(10) NOT NULL DEFAULT 'BASIC' COMMENT 'This is a role for user',
  PRIMARY KEY (`id`),
  KEY `role_id` (`role_id`),
  CONSTRAINT `users_ibfk_1` FOREIGN KEY (`role_id`) REFERENCES `user_roles` (`id`)
) ENGINE=InnoDB DEFAULT CHARSET=utf8mb4 COLLATE=utf8mb4_0900_ai_ci COMMENT='There save info of user for reservations';
/*!40101 SET character_set_client = @saved_cs_client */;

--
-- Dumping data for table `users`
--

LOCK TABLES `users` WRITE;
/*!40000 ALTER TABLE `users` DISABLE KEYS */;
INSERT INTO `users` VALUES ('IIdwvJXbhITJD1b1eKrEcLmiWkg1','Francisco','Luna','Mora','franj.lunam@gmail.com',0,'84572941','0','http://localhost:5000/public/users/IIdwvJXbhITJD1b1eKrEcLmiWkg1.jpeg','ADM');
/*!40000 ALTER TABLE `users` ENABLE KEYS */;
UNLOCK TABLES;

--
-- Dumping routines for database 'db_reservations'
--
/*!50003 DROP FUNCTION IF EXISTS `f_diferences_between_dates` */;
/*!50003 SET @saved_cs_client      = @@character_set_client */ ;
/*!50003 SET @saved_cs_results     = @@character_set_results */ ;
/*!50003 SET @saved_col_connection = @@collation_connection */ ;
/*!50003 SET character_set_client  = utf8mb4 */ ;
/*!50003 SET character_set_results = utf8mb4 */ ;
/*!50003 SET collation_connection  = utf8mb4_0900_ai_ci */ ;
/*!50003 SET @saved_sql_mode       = @@sql_mode */ ;
/*!50003 SET sql_mode              = 'STRICT_TRANS_TABLES,NO_ENGINE_SUBSTITUTION' */ ;
DELIMITER ;;
CREATE DEFINER=`admin`@`%` FUNCTION `f_diferences_between_dates`( date1 date, date2 date) RETURNS int
BEGIN
	DECLARE diferen_between_dates INT default 0;

	set diferen_between_dates = TIMESTAMPDIFF(DAY, date1, date2) + 1;

	return diferen_between_dates;
END ;;
DELIMITER ;
/*!50003 SET sql_mode              = @saved_sql_mode */ ;
/*!50003 SET character_set_client  = @saved_cs_client */ ;
/*!50003 SET character_set_results = @saved_cs_results */ ;
/*!50003 SET collation_connection  = @saved_col_connection */ ;
/*!50003 DROP FUNCTION IF EXISTS `f_get_sequence_reservations` */;
/*!50003 SET @saved_cs_client      = @@character_set_client */ ;
/*!50003 SET @saved_cs_results     = @@character_set_results */ ;
/*!50003 SET @saved_col_connection = @@collation_connection */ ;
/*!50003 SET character_set_client  = utf8mb4 */ ;
/*!50003 SET character_set_results = utf8mb4 */ ;
/*!50003 SET collation_connection  = utf8mb4_0900_ai_ci */ ;
/*!50003 SET @saved_sql_mode       = @@sql_mode */ ;
/*!50003 SET sql_mode              = 'STRICT_TRANS_TABLES,NO_ENGINE_SUBSTITUTION' */ ;
DELIMITER ;;
CREATE DEFINER=`admin`@`%` FUNCTION `f_get_sequence_reservations`() RETURNS int
BEGIN
	DECLARE nextNumReservations INT default 0;
	Select max(id)+1 
	Into nextNumReservations 
	From reservations r;

	if nextNumReservations is null or nextNumReservations = 0 THEN 
		return 1;
	else 
		return nextNumReservations;
	end if;


END ;;
DELIMITER ;
/*!50003 SET sql_mode              = @saved_sql_mode */ ;
/*!50003 SET character_set_client  = @saved_cs_client */ ;
/*!50003 SET character_set_results = @saved_cs_results */ ;
/*!50003 SET collation_connection  = @saved_col_connection */ ;
/*!50003 DROP PROCEDURE IF EXISTS `create_reservations_deta` */;
/*!50003 SET @saved_cs_client      = @@character_set_client */ ;
/*!50003 SET @saved_cs_results     = @@character_set_results */ ;
/*!50003 SET @saved_col_connection = @@collation_connection */ ;
/*!50003 SET character_set_client  = utf8mb4 */ ;
/*!50003 SET character_set_results = utf8mb4 */ ;
/*!50003 SET collation_connection  = utf8mb4_0900_ai_ci */ ;
/*!50003 SET @saved_sql_mode       = @@sql_mode */ ;
/*!50003 SET sql_mode              = 'STRICT_TRANS_TABLES,NO_ENGINE_SUBSTITUTION' */ ;
DELIMITER ;;
CREATE DEFINER=`admin`@`%` PROCEDURE `create_reservations_deta`( in Gv_id_reservation varchar(100))
BEGIN
	DECLARE ln_total_days  INT Default 0 ;
	DECLARE ln_amount DOUBLE Default 0 ;
	DECLARE ld_date_init DATE;

	DECLARE ln_counter INT Default 0;

	Select r.total_days, r.date_init, (r.total_amount /r.total_days)
	Into ln_total_days, ld_date_init, ln_amount
	From reservations r 
	Where r.id = Gv_id_reservation;
	
	

	-- Se valida que se hayan recuperado datos 
	if ( ln_total_days is not null And ld_date_init is not null And ln_amount is not null ) then
	-- Elimina los registros que hayan
	Delete From reservations_deta Where	id_reservation = Gv_id_reservation;		

	-- Loop inserta deta de reservations
		loop_reservations_deta: loop
			-- Se termina cuando el contador sea igua a los das
			if ( ln_counter >= ln_total_days ) then
				LEAVE loop_reservations_deta;
			end if;
	
		    -- Inserta el registro
			Insert Into reservations_deta (
				id_reservation,
				apply_date,
				amount
			) Values (
				Gv_id_reservation,
				DATE_ADD(ld_date_init, INTERVAL (ln_counter) DAY),
				ln_amount
			);
	
			
			Set ln_counter = ln_counter +1;
	
		end loop loop_reservations_deta;
	end if;
	
END ;;
DELIMITER ;
/*!50003 SET sql_mode              = @saved_sql_mode */ ;
/*!50003 SET character_set_client  = @saved_cs_client */ ;
/*!50003 SET character_set_results = @saved_cs_results */ ;
/*!50003 SET collation_connection  = @saved_col_connection */ ;
/*!50003 DROP PROCEDURE IF EXISTS `p_get_data_reservation` */;
/*!50003 SET @saved_cs_client      = @@character_set_client */ ;
/*!50003 SET @saved_cs_results     = @@character_set_results */ ;
/*!50003 SET @saved_col_connection = @@collation_connection */ ;
/*!50003 SET character_set_client  = utf8mb4 */ ;
/*!50003 SET character_set_results = utf8mb4 */ ;
/*!50003 SET collation_connection  = utf8mb4_0900_ai_ci */ ;
/*!50003 SET @saved_sql_mode       = @@sql_mode */ ;
/*!50003 SET sql_mode              = 'STRICT_TRANS_TABLES,NO_ENGINE_SUBSTITUTION' */ ;
DELIMITER ;;
CREATE DEFINER=`admin`@`%` PROCEDURE `p_get_data_reservation`(
in date1 date,
in date2 date,
in id_category varchar(100),
out total_days int,
out total_amount DOUBLE)
BEGIN
	DECLARE amount_day DOUBLE DEFAULT 0;

	Select price
	Into amount_day
	From suites_categories sc 
	Where sc.id = id_category ;
	
	set total_days = f_diferences_between_dates( date1 , date2 );
	set	total_amount = amount_day * total_days;

END ;;
DELIMITER ;
/*!50003 SET sql_mode              = @saved_sql_mode */ ;
/*!50003 SET character_set_client  = @saved_cs_client */ ;
/*!50003 SET character_set_results = @saved_cs_results */ ;
/*!50003 SET collation_connection  = @saved_col_connection */ ;
SET @@SESSION.SQL_LOG_BIN = @MYSQLDUMP_TEMP_LOG_BIN;
/*!40103 SET TIME_ZONE=@OLD_TIME_ZONE */;

/*!40101 SET SQL_MODE=@OLD_SQL_MODE */;
/*!40014 SET FOREIGN_KEY_CHECKS=@OLD_FOREIGN_KEY_CHECKS */;
/*!40014 SET UNIQUE_CHECKS=@OLD_UNIQUE_CHECKS */;
/*!40101 SET CHARACTER_SET_CLIENT=@OLD_CHARACTER_SET_CLIENT */;
/*!40101 SET CHARACTER_SET_RESULTS=@OLD_CHARACTER_SET_RESULTS */;
/*!40101 SET COLLATION_CONNECTION=@OLD_COLLATION_CONNECTION */;
/*!40111 SET SQL_NOTES=@OLD_SQL_NOTES */;

-- Dump completed on 2023-02-02 19:24:11
